strip,frame,cell,cx,cy,feet,feet_cx,upper_cx,upper_cy,center_dx,feet_dy
morwen_walk,0,627,315.6929511533802,363.6785699568976,587,316.5,311.9864338322642,205.19667379425042,6.240010457150216,-0.39043062200956935
morwen_walk,1,627,282.98522455225293,362.8380788627183,588,314.0,262.664539140229,204.54634409611413,-12.770098041397056,0.39043062200956935
morwen_walk,2,627,325.4387803557296,378.09727162910815,588,314.0,333.9543094496365,212.13543203803903,16.575168198869356,0.0
morwen_walk,3,627,299.7105714285714,366.819875,588,314.0,292.16408562367866,209.78147463002114,-10.045080614622517,0.0
vargoth_walk_codex_e,0,800,384.69561654062124,418.9385569151871,687,400.0,391.2580300226198,278.1511823976969,-9.277081100924713,0.0
vargoth_walk_codex_e,1,800,389.47523424663615,412.0691504951374,687,378.0,392.41933829186974,276.796657262546,2.112591026058587,0.0
vargoth_walk_codex_e,2,800,396.1790341675162,423.0247624058667,687,407.5,391.69351235185223,275.94310275123945,2.963079565028979,0.0
vargoth_walk_codex_e,3,800,397.5230395986677,421.26341543649,687,399.0,391.97114509953246,275.6086818556832,0.5940504005689697,0.0
vargoth_walk_codex_e,4,800,396.37688928914304,420.05512178958907,687,381.5,391.93417781716784,276.1978772616243,-0.5065984368099046,0.0
vargoth_walk_codex_e,5,800,405.6844878096817,421.571110874043,687,406.5,391.9985038142201,275.8537741813124,4.113958546078082,0.0
vargoth_walk_codex_n,0,800,410.0340805871453,389.7656051302547,685,386.5,400.1406975488608,279.8322715329518,-0.2605651867211769,0.0
vargoth_walk_codex_n,1,800,409.862367074886,396.7869077161517,685,389.0,400.2768035842162,280.31631809919025,-0.0758973724186178,0.0
vargoth_walk_codex_n,2,800,410.82573618394514,395.53927659002284,686,386.0,401.0900664185096,279.6857346179111,0.4258091462041479,0.44199999999999995
vargoth_walk_codex_n,3,800,410.4563943088312,391.0812395079396,685,390.0,400.1342636000956,280.3527659809167,-0.16324910880036417,-0.44199999999999995
vargoth_walk_codex_n,4,800,410.6709596327601,393.539902725153,686,388.0,400.93622317280034,280.11527398775723,0.09483787317658401,0.44199999999999995
vargoth_walk_codex_n,5,800,410.62359458425203,390.8680503671848,685,397.0,400.5880392621055,279.5925372862528,-0.02093535144057307,-0.44199999999999995
vargoth_walk_codex_ne,0,800,384.69561654062124,418.9385569151871,687,400.0,391.2580300226198,278.1511823976969,-9.277081100924713,0.0
vargoth_walk_codex_ne,1,800,389.47523424663615,412.0691504951374,687,378.0,392.41933829186974,276.796657262546,2.112591026058587,0.0
vargoth_walk_codex_ne,2,800,396.1790341675162,423.0247624058667,687,407.5,391.69351235185223,275.94310275123945,2.963079565028979,0.0
vargoth_walk_codex_ne,3,800,397.5230395986677,421.26341543649,687,399.0,391.97114509953246,275.6086818556832,0.5940504005689697,0.0
vargoth_walk_codex_ne,4,800,396.37688928914304,420.05512178958907,687,381.5,391.93417781716784,276.1978772616243,-0.5065984368099046,0.0
vargoth_walk_codex_ne,5,800,405.6844878096817,421.571110874043,687,406.5,391.9985038142201,275.8537741813124,4.113958546078082,0.0
vargoth_walk_codex_nw,0,800,414.30438345937876,418.9385569151871,687,399.0,407.7419699773802,278.1511823976969,9.277081100924713,0.0
vargoth_walk_codex_nw,1,800,409.52476575336385,412.0691504951374,687,421.0,406.58066170813026,276.796657262546,-2.112591026058587,0.0
vargoth_walk_codex_nw,2,800,402.8209658324838,423.0247624058667,687,391.5,407.30648764814777,275.94310275123945,-2.963079565028979,0.0
vargoth_walk_codex_nw,3,800,401.4769604013323,421.26341543649,687,400.0,407.02885490046754,275.6086818556832,-0.5940504005689697,0.0
vargoth_walk_codex_nw,4,800,402.62311071085696,420.05512178958907,687,417.5,407.06582218283216,276.1978772616243,0.5065984368099046,0.0
vargoth_walk_codex_nw,5,800,393.3155121903183,421.571110874043,687,392.5,407.0014961857799,275.8537741813124,-4.113958546078082,0.0
vargoth_walk_codex_s,0,800,395.6865883939793,416.90401888354126,685,400.5,397.7255753123522,284.4164510114923,-0.7424452678383068,0.0
vargoth_walk_codex_s,1,800,393.8925854189612,408.663761345942,685,357.5,396.0264725711691,281.9216142214395,-0.7929493149580201,0.0
vargoth_walk_codex_s,2,800,396.02275575822085,411.5838776114327,685,368.5,397.1624411319339,281.9628106636289,0.9415352899527775,0.0
vargoth_walk_codex_s,3,800,397.78439517541665,411.61639807817426,685,408.0,397.29523218105294,282.01371696681156,0.7786446224005413,0.0
vargoth_walk_codex_s,4,800,394.9559499869956,410.0103717988569,685,402.0,396.4268553197392,281.0170758773755,-1.2501727732820944,0.0
vargoth_walk_codex_s,5,800,397.36632881895287,411.44012703742214,685,409.5,396.45895063009226,281.6020666473005,1.0653874437251025,0.0
vargoth_walk_codex_se,0,800,384.69561654062124,418.9385569151871,687,400.0,391.2580300226198,278.1511823976969,-9.277081100924713,0.0
vargoth_walk_codex_se,1,800,389.47523424663615,412.0691504951374,687,378.0,392.41933829186974,276.796657262546,2.112591026058587,0.0
vargoth_walk_codex_se,2,800,396.1790341675162,423.0247624058667,687,407.5,391.69351235185223,275.94310275123945,2.963079565028979,0.0
vargoth_walk_codex_se,3,800,397.5230395986677,421.26341543649,687,399.0,391.97114509953246,275.6086818556832,0.5940504005689697,0.0
vargoth_walk_codex_se,4,800,396.37688928914304,420.05512178958907,687,381.5,391.93417781716784,276.1978772616243,-0.5065984368099046,0.0
vargoth_walk_codex_se,5,800,405.6844878096817,421.571110874043,687,406.5,391.9985038142201,275.8537741813124,4.113958546078082,0.0
vargoth_walk_codex_sw,0,800,414.30438345937876,418.9385569151871,687,399.0,407.7419699773802,278.1511823976969,9.277081100924713,0.0
vargoth_walk_codex_sw,1,800,409.52476575336385,412.0691504951374,687,421.0,406.58066170813026,276.796657262546,-2.112591026058587,0.0
vargoth_walk_codex_sw,2,800,402.8209658324838,423.0247624058667,687,391.5,407.30648764814777,275.94310275123945,-2.963079565028979,0.0
vargoth_walk_codex_sw,3,800,401.4769604013323,421.26341543649,687,400.0,407.02885490046754,275.6086818556832,-0.5940504005689697,0.0
vargoth_walk_codex_sw,4,800,402.62311071085696,420.05512178958907,687,417.5,407.06582218283216,276.1978772616243,0.5065984368099046,0.0
vargoth_walk_codex_sw,5,800,393.3155121903183,421.571110874043,687,392.5,407.0014961857799,275.8537741813124,-4.113958546078082,0.0
vargoth_walk_codex_w,0,800,414.30438345937876,418.9385569151871,687,399.0,407.7419699773802,278.1511823976969,9.277081100924713,0.0
vargoth_walk_codex_w,1,800,409.52476575336385,412.0691504951374,687,421.0,406.58066170813026,276.796657262546,-2.112591026058587,0.0
vargoth_walk_codex_w,2,800,402.8209658324838,423.0247624058667,687,391.5,407.30648764814777,275.94310275123945,-2.963079565028979,0.0
vargoth_walk_codex_w,3,800,401.4769604013323,421.26341543649,687,400.0,407.02885490046754,275.6086818556832,-0.5940504005689697,0.0
vargoth_walk_codex_w,4,800,402.62311071085696,420.05512178958907,687,417.5,407.06582218283216,276.1978772616243,0.5065984368099046,0.0
vargoth_walk_codex_w,5,800,393.3155121903183,421.571110874043,687,392.5,407.0014961857799,275.8537741813124,-4.113958546078082,0.0
korrag_walk_codex_e,0,627,299.36028749678417,347.2132428608181,529,289.0,310.3318318956359,234.7703225258148,1.727876676555183,0.0
korrag_walk_codex_e,1,627,298.8637337140817,342.8794752810994,529,258.5,310.5884749708964,235.55731172203815,-0.20464034681070628,0.0
korrag_walk_codex_e,2,627,299.89148040811466,338.3962046925245,529,263.5,311.3899547215609,238.78196331046072,0.4235562132984245,0.0
korrag_walk_codex_e,3,627,300.8727034550516,347.9335025380711,529,296.0,310.7333070279276,234.49668990310843,0.4043828314649118,0.0
korrag_walk_codex_e,4,627,298.7330485451445,345.2644595582036,529,263.5,311.42438932555183,241.27392102414458,-0.8817971749919968,0.0
korrag_walk_codex_e,5,627,295.16764556102527,346.70814802240704,529,263.5,310.38106902283266,235.34905082669934,-1.469378199515816,0.0
korrag_walk_codex_n,0,627,330.1384811345667,331.49172841232115,529,322.5,331.37388463430057,245.71587156607882,3.3274192790299364,0.0
korrag_walk_codex_n,1,627,326.769678307828,330.7836507961069,529,320.0,328.6777639922801,244.20640336366142,-1.388355104352925,0.0
korrag_walk_codex_n,2,627,330.71235934012765,328.04499555194855,529,322.0,331.9320332176162,243.97144510244368,1.6248624860386536,0.0
korrag_walk_codex_n,3,627,322.06459611927346,332.80780794743043,529,314.0,322.9255345380253,245.69150022896193,-3.563926660715665,0.0
korrag_walk_codex_ne,0,627,299.36028749678417,347.2132428608181,529,289.0,310.3318318956359,234.7703225258148,1.727876676555183,0.0
korrag_walk_codex_ne,1,627,298.8637337140817,342.8794752810994,529,258.5,310.5884749708964,235.55731172203815,-0.20464034681070628,0.0
korrag_walk_codex_ne,2,627,299.89148040811466,338.3962046925245,529,263.5,311.3899547215609,238.78196331046072,0.4235562132984245,0.0
korrag_walk_codex_ne,3,627,300.8727034550516,347.9335025380711,529,296.0,310.7333070279276,234.49668990310843,0.4043828314649118,0.0
korrag_walk_codex_ne,4,627,298.7330485451445,345.2644595582036,529,263.5,311.42438932555183,241.27392102414458,-0.8817971749919968,0.0
korrag_walk_codex_ne,5,627,295.16764556102527,346.70814802240704,529,263.5,310.38106902283266,235.34905082669934,-1.469378199515816,0.0
korrag_walk_codex_nw,0,627,326.63971250321583,347.2132428608181,529,337.0,315.6681681043641,234.7703225258148,-1.727876676555183,0.0
korrag_walk_codex_nw,1,627,327.1362662859183,342.8794752810994,529,367.5,315.4115250291036,235.55731172203815,0.20464034681070628,0.0
korrag_walk_codex_nw,2,627,326.10851959188534,338.3962046925245,529,362.5,314.6100452784391,238.78196331046072,-0.4235562132984245,0.0
korrag_walk_codex_nw,3,627,325.1272965449484,347.9335025380711,529,330.0,315.2666929720724,234.49668990310843,-0.4043828314649118,0.0
korrag_walk_codex_nw,4,627,327.2669514548555,345.2644595582036,529,362.5,314.57561067444817,241.27392102414458,0.8817971749919968,0.0
korrag_walk_codex_nw,5,627,330.83235443897473,346.70814802240704,529,362.5,315.61893097716734,235.34905082669934,1.469378199515816,0.0
korrag_walk_codex_s,0,627,356.9995932604489,330.74570150247126,529,293.5,365.2302720323741,242.68764051258992,7.10894673875712,0.0
korrag_walk_codex_s,1,627,341.8553837234217,340.51476537981625,530,275.5,345.9132707024202,246.2708890686244,-6.241249991017256,0.4121212121212121
korrag_walk_codex_s,2,627,353.45712698392657,328.0218058308817,530,294.0,361.16362410829635,240.14160534741336,4.781324495238367,0.0
korrag_walk_codex_s,3,627,339.7499430855235,332.217362709635,529,275.5,340.94975628046495,242.19846557641833,-5.649021242978231,-0.4121212121212121
korrag_walk_codex_se,0,627,299.36028749678417,347.2132428608181,529,289.0,310.3318318956359,234.7703225258148,1.727876676555183,0.0
korrag_walk_codex_se,1,627,298.8637337140817,342.8794752810994,529,258.5,310.5884749708964,235.55731172203815,-0.20464034681070628,0.0
korrag_walk_codex_se,2,627,299.89148040811466,338.3962046925245,529,263.5,311.3899547215609,238.78196331046072,0.4235562132984245,0.0
korrag_walk_codex_se,3,627,300.8727034550516,347.9335025380711,529,296.0,310.7333070279276,234.49668990310843,0.4043828314649118,0.0
korrag_walk_codex_se,4,627,298.7330485451445,345.2644595582036,529,263.5,311.42438932555183,241.27392102414458,-0.8817971749919968,0.0
korrag_walk_codex_se,5,627,295.16764556102527,346.70814802240704,529,263.5,310.38106902283266,235.34905082669934,-1.469378199515816,0.0
korrag_walk_codex_sw,0,627,326.63971250321583,347.2132428608181,529,337.0,315.6681681043641,234.7703225258148,-1.727876676555183,0.0
korrag_walk_codex_sw,1,627,327.1362662859183,342.8794752810994,529,367.5,315.4115250291036,235.55731172203815,0.20464034681070628,0.0
korrag_walk_codex_sw,2,627,326.10851959188534,338.3962046925245,529,362.5,314.6100452784391,238.78196331046072,-0.4235562132984245,0.0
korrag_walk_codex_sw,3,627,325.1272965449484,347.9335025380711,529,330.0,315.2666929720724,234.49668990310843,-0.4043828314649118,0.0
korrag_walk_codex_sw,4,627,327.2669514548555,345.2644595582036,529,362.5,314.57561067444817,241.27392102414458,0.8817971749919968,0.0
korrag_walk_codex_sw,5,627,330.83235443897473,346.70814802240704,529,362.5,315.61893097716734,235.34905082669934,1.469378199515816,0.0
korrag_walk_codex_w,0,627,326.63971250321583,347.2132428608181,529,337.0,315.6681681043641,234.7703225258148,-1.727876676555183,0.0
korrag_walk_codex_w,1,627,327.1362662859183,342.8794752810994,529,367.5,315.4115250291036,235.55731172203815,0.20464034681070628,0.0
korrag_walk_codex_w,2,627,326.10851959188534,338.3962046925245,529,362.5,314.6100452784391,238.78196331046072,-0.4235562132984245,0.0
korrag_walk_codex_w,3,627,325.1272965449484,347.9335025380711,529,330.0,315.2666929720724,234.49668990310843,-0.4043828314649118,0.0
korrag_walk_codex_w,4,627,327.2669514548555,345.2644595582036,529,362.5,314.57561067444817,241.27392102414458,0.8817971749919968,0.0
korrag_walk_codex_w,5,627,330.83235443897473,346.70814802240704,529,362.5,315.61893097716734,235.34905082669934,1.469378199515816,0.0
choirmother_walk_codex_e,0,627,367.83913573021624,344.3588680976258,526,335.0,380.15782710280376,238.68278816199376,0.12443882114265227,0.3687400318979266
choirmother_walk_codex_e,1,627,365.36397852779663,345.3401770839761,526,337.5,380.6334043789963,238.77926758380158,-0.9126895457725895,0.0
choirmother_walk_codex_e,2,627,365.81722379779006,345.1755079269143,525,339.0,380.3827280127137,238.32989650761658,0.16712967531496212,-0.3687400318979266
choirmother_walk_codex_e,3,627,367.5016653977922,347.15262974241847,525,334.5,379.4558694787107,240.40688420214883,0.6211210493149751,0.0
choirmother_walk_codex_n,0,627,363.1248718568944,348.8518723291521,526,363.5,362.8414050952091,245.9683215952236,0.8926178002587951,0.0
choirmother_walk_codex_n,1,627,361.6658854497385,346.7746747174342,525,361.5,362.317261973791,244.58361359155745,-0.5379866943133149,-0.3687400318979266
choirmother_walk_codex_n,2,627,363.19750996939626,348.6759250672355,525,363.5,363.3474007009346,245.91501168224298,0.5647712742342572,0.0
choirmother_walk_codex_n,3,627,360.7041479781649,351.2962808432716,526,361.0,361.32198452435136,247.582218176301,-0.9194023801797374,0.3687400318979266
choirmother_walk_codex_ne,0,627,367.83913573021624,344.3588680976258,526,335.0,380.15782710280376,238.68278816199376,0.12443882114265227,0.3687400318979266
choirmother_walk_codex_ne,1,627,365.36397852779663,345.3401770839761,526,337.5,380.6334043789963,238.77926758380158,-0.9126895457725895,0.0
choirmother_walk_codex_ne,2,627,365.81722379779006,345.1755079269143,525,339.0,380.3827280127137,238.32989650761658,0.16712967531496212,-0.3687400318979266
choirmother_walk_codex_ne,3,627,367.5016653977922,347.15262974241847,525,334.5,379.4558694787107,240.40688420214883,0.6211210493149751,0.0
choirmother_walk_codex_nw,0,627,258.16086426978376,344.3588680976258,526,291.0,245.84217289719626,238.68278816199376,-0.12443882114265227,0.3687400318979266
choirmother_walk_codex_nw,1,627,260.63602147220337,345.3401770839761,526,288.5,245.36659562100368,238.77926758380158,0.9126895457725895,0.0
choirmother_walk_codex_nw,2,627,260.18277620220994,345.1755079269143,525,287.0,245.61727198728633,238.32989650761658,-0.16712967531496212,-0.3687400318979266
choirmother_walk_codex_nw,3,627,258.4983346022078,347.15262974241847,525,291.5,246.5441305212893,240.40688420214883,-0.6211210493149751,0.0
choirmother_walk_codex_s,0,627,327.3423341810284,344.7842852621124,525,325.0,327.9976419518208,240.95356252847074,-0.23636452781619177,0.0
choirmother_walk_codex_s,1,627,325.75721821365244,343.50415416699195,526,328.5,328.4305125606115,239.7640193956661,-0.5844957123721173,0.3687400318979266
choirmother_walk_codex_s,2,627,332.41899180409905,341.2388487928561,525,330.5,328.10431820025417,239.5053132520347,2.4564626062380497,-0.3687400318979266
choirmother_walk_codex_s,3,627,327.9833400587998,347.3080417363233,525,327.0,329.13342627283555,243.09561151288082,-1.6356023660497405,0.0
choirmother_walk_codex_se,0,627,367.83913573021624,344.3588680976258,526,335.0,380.15782710280376,238.68278816199376,0.12443882114265227,0.3687400318979266
choirmother_walk_codex_se,1,627,365.36397852779663,345.3401770839761,526,337.5,380.6334043789963,238.77926758380158,-0.9126895457725895,0.0
choirmother_walk_codex_se,2,627,365.81722379779006,345.1755079269143,525,339.0,380.3827280127137,238.32989650761658,0.16712967531496212,-0.3687400318979266
choirmother_walk_codex_se,3,627,367.5016653977922,347.15262974241847,525,334.5,379.4558694787107,240.40688420214883,0.6211210493149751,0.0
choirmother_walk_codex_sw,0,627,258.16086426978376,344.3588680976258,526,291.0,245.84217289719626,238.68278816199376,-0.12443882114265227,0.3687400318979266
choirmother_walk_codex_sw,1,627,260.63602147220337,345.3401770839761,526,288.5,245.36659562100368,238.77926758380158,0.9126895457725895,0.0
choirmother_walk_codex_sw,2,627,260.18277620220994,345.1755079269143,525,287.0,245.61727198728633,238.32989650761658,-0.16712967531496212,-0.3687400318979266
choirmother_walk_codex_sw,3,627,258.4983346022078,347.15262974241847,525,291.5,246.5441305212893,240.40688420214883,-0.6211210493149751,0.0
choirmother_walk_codex_w,0,627,258.16086426978376,344.3588680976258,526,291.0,245.84217289719626,238.68278816199376,-0.12443882114265227,0.3687400318979266
choirmother_walk_codex_w,1,627,260.63602147220337,345.3401770839761,526,288.5,245.36659562100368,238.77926758380158,0.9126895457725895,0.0
choirmother_walk_codex_w,2,627,260.18277620220994,345.1755079269143,525,287.0,245.61727198728633,238.32989650761658,-0.16712967531496212,-0.3687400318979266
choirmother_walk_codex_w,3,627,258.4983346022078,347.15262974241847,525,291.5,246.5441305212893,240.40688420214883,-0.6211210493149751,0.0
