strip,sha256,frames,fps,speed,center_step_px,feet_step_px,upper_step_px,upper_step_fraction,center_step_fraction,feet_step_fraction,acceptance
morwen_walk,21a3e7dbe91c35f1eae80b652cfdbee402d0b05d71c6a5057d272b2604133477,4,12.0,120.0,10.754975341800499,0.39043062200956935,0.503565824151451,0.002057049935259195,0.04393372280147263,0.001594896331738437,PASS
vargoth_walk_codex_e,1fdf886535a173b8e1bd6e48fce83f0a9e88a8b880e57f46c871dc3047927d56,6,12.0,132.0,9.277081100924713,0.0,0.5132982550084811,0.001451635336562447,0.026236089086325548,0.0,PASS
vargoth_walk_codex_n,11e5ecb2bdf5d26df138cc8763906b89099491106881b09244dcc6ea9a00c6a1,6,12.0,132.0,0.4258091462041479,0.44199999999999995,0.42246484573898163,0.0011947535230174822,0.0012042113863239478,0.00125,PASS
vargoth_walk_codex_ne,1fdf886535a173b8e1bd6e48fce83f0a9e88a8b880e57f46c871dc3047927d56,6,12.0,132.0,9.277081100924713,0.0,0.5132982550084811,0.001451635336562447,0.026236089086325548,0.0,PASS
vargoth_walk_codex_nw,47dab42da9e33b62700e481ec90bb84553b8575fe0f389441fac5c5e7a770958,6,12.0,132.0,9.277081100924713,0.0,0.5132982550084811,0.001451635336562447,0.026236089086325548,0.0,PASS
vargoth_walk_codex_s,b7f3764cb8d120538a8f39d371804894cb131c5afd20b0fb71d605aad3b6107c,6,12.0,132.0,1.2501727732820944,0.0,0.7510034116029225,0.0021238784264788536,0.0035355564855262854,0.0,PASS
vargoth_walk_codex_se,1fdf886535a173b8e1bd6e48fce83f0a9e88a8b880e57f46c871dc3047927d56,6,12.0,132.0,9.277081100924713,0.0,0.5132982550084811,0.001451635336562447,0.026236089086325548,0.0,PASS
vargoth_walk_codex_sw,47dab42da9e33b62700e481ec90bb84553b8575fe0f389441fac5c5e7a770958,6,12.0,132.0,9.277081100924713,0.0,0.5132982550084811,0.001451635336562447,0.026236089086325548,0.0,PASS
vargoth_walk_codex_w,47dab42da9e33b62700e481ec90bb84553b8575fe0f389441fac5c5e7a770958,6,12.0,132.0,9.277081100924713,0.0,0.5132982550084811,0.001451635336562447,0.026236089086325548,0.0,PASS
korrag_walk_codex_e,a45858fc8162a3bee984de51ae9d5436100c733a6ee80951f35be9bc98f38656,6,12.0,170.0,1.727876676555183,0.0,0.4299744277872929,0.0016639877236350345,0.006686829243634609,0.0,PASS
korrag_walk_codex_n,4981414f5bcfb7034e78eeb8f13422fbb8926cd87561e2c7a4321fdaffe46f37,4,12.0,170.0,3.563926660715665,0.0,3.7117691528010943,0.014364431705886587,0.013792285838682914,0.0,PASS
korrag_walk_codex_ne,a45858fc8162a3bee984de51ae9d5436100c733a6ee80951f35be9bc98f38656,6,12.0,170.0,1.727876676555183,0.0,0.4299744277872929,0.0016639877236350345,0.006686829243634609,0.0,PASS
korrag_walk_codex_nw,cfb8935e7aee00c5f7ef04af2c56695a69f54371a9f3db62853d5eacb6230330,6,12.0,170.0,1.727876676555183,0.0,0.4299744277872929,0.0016639877236350345,0.006686829243634609,0.0,PASS
korrag_walk_codex_s,3b13f6c41df3d1f441b29bb1eaf2812cae0d246b93e00848f7a3bf210ae09ea6,4,12.0,170.0,3.1940835642731833,0.4121212121212121,0.32398174368160765,0.0012537993176532803,0.012361004505701174,0.001594896331738437,PASS
korrag_walk_codex_se,a45858fc8162a3bee984de51ae9d5436100c733a6ee80951f35be9bc98f38656,6,12.0,170.0,1.727876676555183,0.0,0.4299744277872929,0.0016639877236350345,0.006686829243634609,0.0,PASS
korrag_walk_codex_sw,cfb8935e7aee00c5f7ef04af2c56695a69f54371a9f3db62853d5eacb6230330,6,12.0,170.0,1.727876676555183,0.0,0.4299744277872929,0.0016639877236350345,0.006686829243634609,0.0,PASS
korrag_walk_codex_w,cfb8935e7aee00c5f7ef04af2c56695a69f54371a9f3db62853d5eacb6230330,6,12.0,170.0,1.727876676555183,0.0,0.4299744277872929,0.0016639877236350345,0.006686829243634609,0.0,PASS
choirmother_walk_codex_e,018aaab185e6095de72083716637bb14c1a04fd62d79f9fd97321677ca1a85c8,4,12.0,120.0,0.9126895457725895,0.3687400318979266,0.3417698453931223,0.0014782432759218095,0.003947619142615007,0.001594896331738437,PASS
choirmother_walk_codex_n,6bffa45cf485d40c8ec486d4f21a78becaf46c60df0c1782aebc3ddd09eaf05c,4,12.0,120.0,0.9194023801797374,0.3687400318979266,0.7468520255598786,0.003230328830276292,0.003976653893510975,0.001594896331738437,PASS
choirmother_walk_codex_ne,018aaab185e6095de72083716637bb14c1a04fd62d79f9fd97321677ca1a85c8,4,12.0,120.0,0.9126895457725895,0.3687400318979266,0.3417698453931223,0.0014782432759218095,0.003947619142615007,0.001594896331738437,PASS
choirmother_walk_codex_nw,7c6a90d8bdc7f63430e1084274c8139cc7d5bd3de60b48ed656c950aa36986eb,4,12.0,120.0,0.9126895457725895,0.3687400318979266,0.3417698453931223,0.0014782432759218095,0.003947619142615007,0.001594896331738437,PASS
choirmother_walk_codex_s,ea34e46224b5885680a4e88c4516542ddef13d0b536d933e42a20d4252f138c6,4,12.0,120.0,2.4564626062380497,0.3687400318979266,0.41880914676013986,0.0018114582472324391,0.010624838262275301,0.001594896331738437,PASS
choirmother_walk_codex_se,018aaab185e6095de72083716637bb14c1a04fd62d79f9fd97321677ca1a85c8,4,12.0,120.0,0.9126895457725895,0.3687400318979266,0.3417698453931223,0.0014782432759218095,0.003947619142615007,0.001594896331738437,PASS
choirmother_walk_codex_sw,7c6a90d8bdc7f63430e1084274c8139cc7d5bd3de60b48ed656c950aa36986eb,4,12.0,120.0,0.9126895457725895,0.3687400318979266,0.3417698453931223,0.0014782432759218095,0.003947619142615007,0.001594896331738437,PASS
choirmother_walk_codex_w,7c6a90d8bdc7f63430e1084274c8139cc7d5bd3de60b48ed656c950aa36986eb,4,12.0,120.0,0.9126895457725895,0.3687400318979266,0.3417698453931223,0.0014782432759218095,0.003947619142615007,0.001594896331738437,PASS
