boss,center_x,center_y,feet_x,feet_y,frame,node_x,node_y,offset_y,rotation,scale_x,scale_y,tick,time,upper_x,upper_y
morwen,200.789596557617,209.984420776367,199.642761230469,297.172607421875,0,200.0,190.0,1.0,0.00333333341404796,0.390430629253387,0.390430629253387,0,0.0,199.548706054688,148.103759765625
vargoth,823.182739257813,197.883575439453,829.157287597656,316.4091796875,0,830.0,190.0,-1.0,0.00666666682809591,0.44200000166893,0.44200000166893,0,0.0,826.498107910156,135.67626953125
korrag,217.879333496094,532.226684570313,199.407928466797,613.810180664063,0,200.0,525.0,0.0,0.00666666682809591,0.412121206521988,0.412121206521988,0,0.0,221.513229370117,495.959503173828
choirmother,849.998962402344,536.445617675781,829.738830566406,603.356811523438,0,830.0,525.0,0.0,0.00333333341404796,0.368740022182465,0.368740022182465,0,0.0,854.671264648438,497.493988037109
morwen,202.734069824219,209.986541748047,201.345062255859,297.171203613281,0,202.0,190.0,1.0,0.00611111102625728,0.390430629253387,0.390430629253387,1,0.0166666666666667,201.665084838867,148.102661132813
vargoth,825.338989257813,197.743637084961,830.654052734375,316.372314453125,0,832.200012207031,190.0,-1.0,0.0122222220525146,0.44200000166893,0.44226747751236,1,0.0166666666666667,829.000366210938,135.51806640625
korrag,220.672119140625,532.162658691406,201.746429443359,613.75146484375,0,202.83332824707,525.0,0.0,0.0122222220525146,0.412121206521988,0.412672162055969,1,0.0166666666666667,224.508041381836,495.867736816406
choirmother,851.967102050781,536.501159667969,831.521179199219,603.355773925781,0,832.0,525.0,0.0,0.00611111102625728,0.368740022182465,0.368740022182465,1,0.0166666666666667,856.74755859375,497.562622070313
morwen,204.687805175781,209.988174438477,203.096969604492,297.169403076172,0,204.0,190.0,1.0,0.00842592585831881,0.390430629253387,0.390430629253387,2,0.0333333333333333,203.762069702148,148.102005004883
vargoth,827.502502441406,197.423629760742,832.264892578125,316.2783203125,0,834.400024414063,190.0,-1.0,0.0168518517166376,0.44200000166893,0.443023711442947,2,0.0333333333333333,831.453735351563,135.109222412109
korrag,223.47087097168,531.817810058594,204.162841796875,613.604064941406,0,205.666656494141,525.0,0.0,0.0168518517166376,0.412121206521988,0.414114594459534,2,0.0333333333333333,227.476928710938,495.414031982422
choirmother,853.9404296875,536.547302246094,833.339782714844,603.3544921875,0,834.0,525.0,0.0,0.00842592585831881,0.368740022182465,0.368740022182465,2,0.0333333333333333,858.810974121094,497.619995117188
morwen,206.64924621582,209.989471435547,204.890243530273,297.16748046875,0,206.0,190.0,1.0,0.0103549379855394,0.390430629253387,0.390430629253387,3,0.05,205.842895507813,148.101623535156
vargoth,829.671936035156,196.972381591797,833.969604492188,316.143188476563,0,836.600036621094,190.0,-1.0,0.0207098759710789,0.44200000166893,0.444137901067734,3,0.05,833.866821289063,134.516845703125
korrag,226.274719238281,531.358276367188,206.643981933594,613.422790527344,0,208.499984741211,525.0,0.0,0.0207098759710789,0.412121206521988,0.415897518396378,3,0.05,230.424438476563,494.813201904297
choirmother,855.918090820313,536.585754394531,835.188659667969,603.35302734375,0,836.0,525.0,0.0,0.0103549379855394,0.368740022182465,0.368740022182465,3,0.05,860.86376953125,497.667877197266
morwen,208.617111206055,209.990493774414,206.717971801758,297.16552734375,0,208.0,190.0,1.0,0.0119624482467771,0.390430629253387,0.390430629253387,4,0.0666666666666667,207.910247802734,148.101425170898
vargoth,831.846313476563,196.462493896484,835.752563476563,315.989379882813,0,838.800048828125,190.0,-1.0,0.0239248964935541,0.44200000166893,0.445417404174805,4,0.0666666666666667,836.246215820313,133.840682983398
korrag,229.083114624023,530.988098144531,209.181793212891,613.274963378906,0,211.333312988281,525.0,0.0,0.0239248964935541,0.412121206521988,0.417339950799942,4,0.0666666666666667,233.35334777832,494.32958984375
choirmother,857.899475097656,536.617797851563,837.062683105469,603.351623535156,0,838.0,525.0,0.0,0.0119624482467771,0.368740022182465,0.368740022182465,4,0.0666666666666667,862.907653808594,497.707885742188
morwen,216.955139160156,209.747787475586,208.569229125977,297.554138183594,1,210.0,190.0,1.0,0.0133020402863622,0.390430629253387,0.390430629253387,5,0.0833333333333333,209.844085693359,147.845779418945
vargoth,836.21826171875,192.966674804688,837.60205078125,315.842346191406,1,841.000061035156,190.0,-1.0,0.0266040805727243,0.44200000166893,0.446640998125076,5,0.0833333333333333,839.126281738281,132.604431152344
korrag,233.375579833984,534.99560546875,211.759963989258,613.632568359375,1,214.166641235352,525.0,0.0,0.0266040805727243,0.412121206521988,0.417890906333923,5,0.0833333333333333,236.094985961914,495.670379638672
choirmother,858.966491699219,536.994079589844,838.957702636719,603.350341796875,1,840.0,525.0,0.0,0.0133020402863622,0.368740022182465,0.368740022182465,5,0.0833333333333333,865.119079589844,497.779174804688
morwen,218.933090209961,209.75553894043,210.449157714844,297.552459716797,1,212.0,190.0,1.0,0.0144183672964573,0.390430629253387,0.390430629253387,6,0.1,211.891143798828,147.845642089844
vargoth,838.4072265625,192.585083007813,839.509094238281,315.726318359375,1,843.200073242188,190.0,-1.0,0.0288367345929146,0.44200000166893,0.447597086429596,6,0.1,841.453735351563,132.100204467773
korrag,236.18293762207,535.1962890625,214.394805908203,613.680480957031,1,216.999969482422,525.0,0.0,0.0288367345929146,0.412121206521988,0.417339950799942,6,0.1,238.988632202148,495.929138183594
choirmother,860.953063964844,537.015258789063,840.870239257813,603.34912109375,1,842.0,525.0,0.0,0.0144183672964573,0.368740022182465,0.368740022182465,6,0.1,867.1494140625,497.807250976563
morwen,220.914703369141,209.761978149414,212.349105834961,297.550964355469,1,214.0,190.0,1.0,0.0153486393392086,0.390430629253387,0.390430629253387,7,0.116666666666667,213.930358886719,147.845550537109
vargoth,840.598083496094,192.373168945313,841.466491699219,315.660034179688,1,845.400085449219,190.0,-1.0,0.0306972786784172,0.44200000166893,0.448120385408401,7,0.116666666666667,843.75927734375,131.823303222656
korrag,238.995422363281,535.645202636719,217.069686889648,613.815490722656,1,219.833297729492,525.0,0.0,0.0306972786784172,0.412121206521988,0.415897518396378,7,0.116666666666667,241.869995117188,496.519195556641
choirmother,862.94189453125,537.032897949219,842.79736328125,603.348022460938,1,844.0,525.0,0.0,0.0153486393392086,0.368740022182465,0.368740022182465,7,0.116666666666667,869.174743652344,497.830657958984
morwen,222.899383544922,209.767333984375,214.265731811523,297.549652099609,1,216.0,190.0,1.0,0.0161238666623831,0.390430629253387,0.390430629253387,8,0.133333333333333,215.963043212891,147.845504760742
vargoth,842.790649414063,192.365707397461,843.467895507813,315.653747558594,1,847.60009765625,190.0,-1.0,0.0322477333247662,0.44200000166893,0.448120385408401,8,0.133333333333333,846.045715332031,131.820831298828
korrag,241.811935424805,536.185668945313,219.775924682617,613.984252929688,1,222.666625976563,525.0,0.0,0.0322477333247662,0.412121206521988,0.414114594459534,8,0.133333333333333,244.741744995117,497.232147216797
choirmother,864.932556152344,537.047546386719,844.736633300781,603.347045898438,1,846.0,525.0,0.0,0.0161238666623831,0.368740022182465,0.368740022182465,8,0.133333333333333,871.19580078125,497.850189208984
morwen,224.886611938477,209.771789550781,216.196258544922,297.548522949219,1,218.0,190.0,1.0,0.0167698878794909,0.390430629253387,0.390430629253387,9,0.15,217.990280151367,147.845489501953
vargoth,844.984619140625,192.562484741211,845.507385253906,315.70751953125,1,849.800109863281,190.0,-1.0,0.0335397757589817,0.44200000166893,0.447597086429596,9,0.15,848.315551757813,132.09260559082
korrag,244.631286621094,536.623718261719,222.503952026367,614.120544433594,1,225.499954223633,525.0,0.0,0.0335397757589817,0.412121206521988,0.412672162055969,9,0.15,247.606872558594,497.809814453125
choirmother,866.924743652344,537.059814453125,846.68603515625,603.346252441406,1,848.0,525.0,0.0,0.0167698878794909,0.368740022182465,0.368740022182465,9,0.15,873.213317871094,497.866455078125
morwen,216.019485473633,215.546112060547,218.13835144043,297.547546386719,2,220.0,190.0,1.0,0.0173082407563925,0.390430629253387,0.390430629253387,10,0.166666666666667,220.465179443359,150.816772460938
vargoth,849.971801757813,197.921051025391,847.5791015625,315.81103515625,2,852.000122070313,190.0,-1.0,0.034616481512785,0.44200000166893,0.446640998125076,10,0.166666666666667,850.263977050781,132.199096679688
korrag,246.23095703125,531.608154296875,225.245269775391,614.170776367188,2,228.333282470703,525.0,0.0,0.034616481512785,0.412121206521988,0.412121206521988,10,0.166666666666667,250.658538818359,495.5224609375
choirmother,869.08642578125,537.012145996094,848.650207519531,602.976806640625,2,850.0,525.0,0.0,0.0173082407563925,0.368740022182465,0.368740022182465,10,0.166666666666667,875.138366699219,497.712768554688
morwen,218.008026123047,215.544326782227,220.090103149414,297.546691894531,2,222.0,190.0,1.0,0.0177568662911654,0.390430629253387,0.390430629253387,11,0.183333333333333,222.482757568359,150.816986083984
vargoth,852.164001464844,198.380508422852,849.677001953125,315.945495605469,2,854.200134277344,190.0,-1.0,0.0355137325823307,0.44200000166893,0.445417404174805,11,0.183333333333333,852.5087890625,132.838714599609
korrag,249.058074951172,531.45947265625,227.994354248047,614.114440917969,2,231.166610717773,525.0,0.0,0.0355137325823307,0.412121206521988,0.412672162055969,11,0.183333333333333,253.519744873047,495.329376220703
choirmother,871.0810546875,537.020751953125,850.615234375,602.976196289063,2,852.0,525.0,0.0,0.0177568662911654,0.368740022182465,0.368740022182465,11,0.183333333333333,877.150634765625,497.724060058594
morwen,219.998474121094,215.542831420898,222.049896240234,297.545959472656,2,224.0,190.0,1.0,0.0181307215243578,0.390430629253387,0.390430629253387,12,0.2,224.497406005859,150.817169189453
vargoth,854.357788085938,198.861343383789,851.795104980469,316.0869140625,2,856.400146484375,190.0,-1.0,0.0362614430487156,0.44200000166893,0.444137901067734,12,0.2,854.744689941406,133.507873535156
korrag,251.885681152344,531.041564941406,230.749603271484,613.971923828125,2,233.999938964844,525.0,0.0,0.0362614430487156,0.412121206521988,0.414114594459534,12,0.2,256.378967285156,494.788146972656
choirmother,873.076538085938,537.02783203125,852.586059570313,602.975708007813,2,854.0,525.0,0.0,0.0181307215243578,0.368740022182465,0.368740022182465,12,0.2,879.160827636719,497.733459472656
morwen,221.990524291992,215.541580200195,224.016387939453,297.545349121094,2,226.0,190.0,1.0,0.0184422694146633,0.390430629253387,0.390430629253387,13,0.216666666666667,226.509613037109,150.817337036133
vargoth,856.552612304688,199.28010559082,853.927795410156,316.210144042969,2,858.600158691406,190.0,-1.0,0.0368845388293266,0.44200000166893,0.443023711442947,13,0.216666666666667,856.974243164063,134.090667724609
korrag,254.713897705078,530.519592285156,233.51286315918,613.796691894531,2,236.833267211914,525.0,0.0,0.0368845388293266,0.412121206521988,0.415897518396378,13,0.216666666666667,259.235534667969,494.112426757813
choirmother,875.07275390625,537.033813476563,854.561767578125,602.975219726563,2,856.0,525.0,0.0,0.0184422694146633,0.368740022182465,0.368740022182465,13,0.216666666666667,881.169311523438,497.741302490234
morwen,223.98388671875,215.540542602539,225.988479614258,297.544830322266,2,228.0,190.0,1.0,0.0187018904834986,0.390430629253387,0.390430629253387,14,0.233333333333333,228.519790649414,150.817474365234
vargoth,858.748229980469,199.56413269043,856.070129394531,316.293273925781,2,860.800170898438,190.0,-1.0,0.0374037809669971,0.44200000166893,0.44226747751236,14,0.233333333333333,859.199523925781,134.486068725586
korrag,257.542938232422,530.09765625,236.287796020508,613.654846191406,2,239.666595458984,525.0,0.0,0.0374037809669971,0.412121206521988,0.417339950799942,14,0.233333333333333,262.088256835938,493.566192626953
choirmother,877.069641113281,537.038757324219,856.541564941406,602.974853515625,2,858.0,525.0,0.0,0.0187018904834986,0.368740022182465,0.368740022182465,14,0.233333333333333,883.176391601563,497.747833251953
morwen,225.978363037109,215.539672851563,227.965209960938,297.544403076172,2,230.0,190.0,1.0,0.0189182423055172,0.390430629253387,0.390430629253387,15,0.25,230.528259277344,150.817581176758
vargoth,860.944274902344,199.664093017578,858.218322753906,316.321533203125,2,863.000183105469,190.0,-1.0,0.0378364846110344,0.44200000166893,0.44200000166893,15,0.25,861.422241210938,134.625534057617
korrag,260.373046875,529.940673828125,239.077545166016,613.599853515625,2,242.499923706055,525.0,0.0,0.0378364846110344,0.412121206521988,0.417890906333923,15,0.25,264.936004638672,493.362762451172
choirmother,879.067077636719,537.042846679688,858.524658203125,602.974548339844,2,860.0,525.0,0.0,0.0189182423055172,0.368740022182465,0.368740022182465,15,0.25,885.182250976563,497.753265380859
morwen,234.409698486328,211.258041381836,229.945816040039,297.544006347656,3,232.0,190.0,1.0,0.0190985351800919,0.390430629253387,0.390430629253387,16,0.266666666666667,232.634765625,149.900344848633
vargoth,863.763916015625,198.806777954102,860.369873046875,316.289489746094,3,865.2001953125,190.0,-1.0,0.0381970703601837,0.44200000166893,0.44226747751236,16,0.266666666666667,863.771789550781,134.341690063477
korrag,266.140716552734,531.976318359375,241.898773193359,613.235107421875,3,245.333251953125,525.0,0.0,0.0381970703601837,0.412121206521988,0.417339950799942,16,0.266666666666667,268.069488525391,494.454132080078
choirmother,881.671997070313,537.787109375,860.510620117188,602.974304199219,3,862.0,525.0,0.0,0.0190985351800919,0.368740022182465,0.368740022182465,16,0.266666666666667,886.830871582031,498.517028808594
morwen,236.406494140625,211.258407592773,231.929656982422,297.543701171875,3,234.0,190.0,1.0,0.0192487798631191,0.390430629253387,0.390430629253387,17,0.283333333333333,234.64079284668,149.900451660156
vargoth,865.960693359375,198.519927978516,862.523559570313,316.202453613281,3,867.400207519531,190.0,-1.0,0.0384975597262383,0.44200000166893,0.443023711442947,17,0.283333333333333,865.992126464844,133.944778442383
korrag,268.972503662109,532.407775878906,244.717056274414,613.375610351563,3,248.166580200195,525.0,0.0,0.0384975597262383,0.412121206521988,0.415897518396378,17,0.283333333333333,270.907562255859,495.015899658203
choirmother,883.670043945313,537.7900390625,862.498901367188,602.974060058594,3,864.0,525.0,0.0,0.0192487798631191,0.368740022182465,0.368740022182465,17,0.283333333333333,888.834838867188,498.520751953125
morwen,238.403839111328,211.258697509766,233.916198730469,297.54345703125,3,236.0,190.0,1.0,0.0193739831447601,0.390430629253387,0.390430629253387,18,0.3,236.645812988281,149.900527954102
vargoth,868.157592773438,198.097564697266,864.679565429688,316.075073242188,3,869.600219726563,190.0,-1.0,0.0387479662895203,0.44200000166893,0.444137901067734,18,0.3,868.211486816406,133.360260009766
korrag,271.804962158203,532.938598632813,247.542846679688,613.5498046875,3,250.999908447266,525.0,0.0,0.0387479662895203,0.412121206521988,0.414114594459534,18,0.3,273.7431640625,495.707580566406
choirmother,885.66845703125,537.79248046875,864.489135742188,602.973876953125,3,866.0,525.0,0.0,0.0193739831447601,0.368740022182465,0.368740022182465,18,0.3,890.838134765625,498.523864746094
morwen,240.401626586914,211.25895690918,235.904968261719,297.543243408203,3,238.0,190.0,1.0,0.0194783192127943,0.390430629253387,0.390430629253387,19,0.316666666666667,238.649993896484,149.900588989258
vargoth,870.354736328125,197.612655639648,866.838806152344,315.92919921875,3,871.800231933594,190.0,-1.0,0.0389566384255886,0.44200000166893,0.445417404174805,19,0.316666666666667,870.429382324219,132.689147949219
korrag,274.637573242188,533.3681640625,250.369659423828,613.690673828125,3,253.833236694336,525.0,0.0,0.0389566384255886,0.412121206521988,0.412672162055969,19,0.316666666666667,276.578491210938,496.267303466797
choirmother,887.667114257813,537.794555664063,866.481018066406,602.973754882813,3,868.0,525.0,0.0,0.0194783192127943,0.368740022182465,0.368740022182465,19,0.316666666666667,892.840881347656,498.526458740234
morwen,240.465118408203,209.994598388672,237.903259277344,297.152709960938,0,240.0,190.0,1.0,0.0195652656257153,0.390430629253387,0.390430629253387,20,0.333333333333333,240.228790283203,148.101943969727
vargoth,872.067138671875,196.589874267578,869.002990722656,315.789794921875,4,874.000244140625,190.0,-1.0,0.0391305312514305,0.44200000166893,0.446640998125076,20,0.333333333333333,872.618530273438,132.309692382813
korrag,274.301910400391,532.80322265625,253.192184448242,613.744140625,0,256.666564941406,525.0,0.0,0.0391305312514305,0.412121206521988,0.412121206521988,20,0.333333333333333,279.111053466797,496.673095703125
choirmother,889.810546875,536.768737792969,868.467041015625,603.34228515625,0,870.0,525.0,0.0,0.0195652656257153,0.368740022182465,0.368740022182465,20,0.333333333333333,895.114440917969,497.898040771484
morwen,242.463668823242,209.99462890625,239.895492553711,297.152526855469,0,242.0,190.0,1.0,0.0196377206593752,0.390430629253387,0.390430629253387,21,0.35,242.231826782227,148.101959228516
vargoth,874.265197753906,196.226303100586,871.173767089844,315.680786132813,4,876.200256347656,190.0,-1.0,0.0392754413187504,0.44200000166893,0.447597086429596,21,0.35,874.831298828125,131.808776855469
korrag,277.133758544922,532.642517089844,256.007995605469,613.689575195313,0,259.499908447266,525.0,0.0,0.0392754413187504,0.412121206521988,0.412672162055969,21,0.35,281.950042724609,496.464630126953
choirmother,891.809692382813,536.770141601563,870.461364746094,603.342163085938,0,872.0,525.0,0.0,0.0196377206593752,0.368740022182465,0.368740022182465,21,0.35,897.116394042969,497.899871826172
morwen,244.462463378906,209.994659423828,241.889022827148,297.152404785156,0,244.0,190.0,1.0,0.0196981020271778,0.390430629253387,0.390430629253387,22,0.366666666666667,244.234359741211,148.101989746094
vargoth,876.463806152344,196.027252197266,873.352478027344,315.620971679688,4,878.400268554688,190.0,-1.0,0.0393962040543556,0.44200000166893,0.448120385408401,22,0.366666666666667,877.040649414063,131.534576416016
korrag,279.965179443359,532.21728515625,258.818389892578,613.547485351563,0,262.333251953125,525.0,0.0,0.0393962040543556,0.412121206521988,0.414114594459534,22,0.366666666666667,284.790832519531,495.913055419922
choirmother,893.809020996094,536.771362304688,872.456604003906,603.342041015625,0,874.0,525.0,0.0,0.0196981020271778,0.368740022182465,0.368740022182465,22,0.366666666666667,899.118041992188,497.901397705078
morwen,246.461456298828,209.994689941406,243.883636474609,297.152313232422,0,246.0,190.0,1.0,0.019748417660594,0.390430629253387,0.390430629253387,23,0.383333333333333,246.236465454102,148.101989746094
vargoth,878.662963867188,196.027053833008,875.539611816406,315.620422363281,4,880.600280761719,190.0,-1.0,0.039496835321188,0.44200000166893,0.448120385408401,23,0.383333333333333,879.246276855469,131.534439086914
korrag,282.796508789063,531.690856933594,261.627563476563,613.372131347656,0,265.166595458984,525.0,0.0,0.039496835321188,0.412121206521988,0.415897518396378,23,0.383333333333333,287.632019042969,495.230194091797
choirmother,895.808410644531,536.772338867188,874.452697753906,603.341979980469,0,876.0,525.0,0.0,0.019748417660594,0.368740022182465,0.368740022182465,23,0.383333333333333,901.119384765625,497.902648925781
morwen,248.46061706543,209.994705200195,245.879150390625,297.152221679688,0,248.0,190.0,1.0,0.0197903476655483,0.390430629253387,0.390430629253387,24,0.4,248.238220214844,148.102005004883
vargoth,880.862609863281,196.225723266602,877.734802246094,315.679260253906,4,882.80029296875,190.0,-1.0,0.0395806953310966,0.44200000166893,0.447597086429596,24,0.4,881.448425292969,131.808364868164
korrag,285.628204345703,531.265014648438,264.441101074219,613.230285644531,0,267.999938964844,525.0,0.0,0.0395806953310966,0.412121206521988,0.417339950799942,24,0.4,290.471801757813,494.677886962891
choirmother,897.807922363281,536.773193359375,876.449401855469,603.341918945313,0,878.0,525.0,0.0,0.0197903476655483,0.368740022182465,0.368740022182465,24,0.4,903.120544433594,497.903717041016
morwen,256.826171875,209.792739868164,247.867660522461,297.542510986328,1,250.0,190.0,1.0,0.0198252908885479,0.390430629253387,0.390430629253387,25,0.416666666666667,250.119079589844,147.845657348633
vargoth,887.146667480469,197.428512573242,879.936706542969,315.787170410156,5,885.000305175781,190.0,-1.0,0.0396505817770958,0.44200000166893,0.446640998125076,25,0.416666666666667,883.68212890625,132.156539916992
korrag,289.886596679688,535.245178222656,267.246887207031,613.593505859375,1,270.833282470703,525.0,0.0,0.0396505817770958,0.412121206521988,0.417890906333923,25,0.416666666666667,293.118804931641,495.958801269531
choirmother,898.887817382813,537.117553710938,878.446655273438,603.341857910156,1,880.0,525.0,0.0,0.0198252908885479,0.368740022182465,0.368740022182465,25,0.416666666666667,905.296081542969,497.943634033203
morwen,258.825592041016,209.792938232422,249.864532470703,297.542449951172,1,252.0,190.0,1.0,0.0198544077575207,0.390430629253387,0.390430629253387,26,0.433333333333333,252.120300292969,147.845672607422
vargoth,889.347106933594,197.891708374023,882.143188476563,315.925415039063,5,887.200317382813,190.0,-1.0,0.0397088155150414,0.44200000166893,0.445417404174805,26,0.433333333333333,885.879333496094,132.79768371582
korrag,292.719818115234,535.404174804688,270.079711914063,613.646850585938,1,273.666625976563,525.0,0.0,0.0397088155150414,0.412121206521988,0.417339950799942,26,0.433333333333333,295.952239990234,496.169830322266
choirmother,900.887451171875,537.118103027344,880.4443359375,603.341796875,1,882.0,525.0,0.0,0.0198544077575207,0.368740022182465,0.368740022182465,26,0.433333333333333,907.296875,497.944366455078
morwen,260.825103759766,209.793106079102,251.861923217773,297.542388916016,1,254.0,190.0,1.0,0.0198786742985249,0.390430629253387,0.390430629253387,27,0.45,254.121322631836,147.845672607422
vargoth,891.547729492188,198.376022338867,884.3515625,316.070037841797,5,889.400329589844,190.0,-1.0,0.0397573485970497,0.44200000166893,0.444137901067734,27,0.45,888.07568359375,133.468139648438
korrag,295.554138183594,535.818298339844,272.921081542969,613.786743164063,1,276.499969482422,525.0,0.0,0.0397573485970497,0.412121206521988,0.415897518396378,27,0.45,298.783050537109,496.719940185547
choirmother,902.887145996094,537.118591308594,882.442443847656,603.341796875,1,884.0,525.0,0.0,0.0198786742985249,0.368740022182465,0.368740022182465,27,0.45,909.297546386719,497.944976806641
morwen,262.82470703125,209.793243408203,253.859741210938,297.542358398438,1,256.0,190.0,1.0,0.0198988951742649,0.390430629253387,0.390430629253387,28,0.466666666666667,256.122192382813,147.845672607422
vargoth,893.748291015625,198.797775268555,886.55908203125,316.195983886719,5,891.600341796875,190.0,-1.0,0.0397977903485298,0.44200000166893,0.443023711442947,28,0.466666666666667,890.272399902344,134.051971435547
korrag,298.388916015625,536.329895019531,275.766143798828,613.959899902344,1,279.333312988281,525.0,0.0,0.0397977903485298,0.412121206521988,0.414114594459534,28,0.466666666666667,301.612731933594,497.399597167969
choirmother,904.886901855469,537.118957519531,884.440856933594,603.341735839844,1,886.0,525.0,0.0,0.0198988951742649,0.368740022182465,0.368740022182465,28,0.466666666666667,911.298095703125,497.945495605469
morwen,264.824371337891,209.793350219727,255.857925415039,297.542297363281,1,258.0,190.0,1.0,0.01991574652493,0.390430629253387,0.390430629253387,29,0.483333333333333,258.122894287109,147.845672607422
vargoth,895.948608398438,199.084030151367,888.763488769531,316.281433105469,5,893.800354003906,190.0,-1.0,0.03983149304986,0.44200000166893,0.44226747751236,29,0.483333333333333,892.470520019531,134.448211669922
korrag,301.223388671875,536.743835449219,278.608917236328,614.099914550781,1,282.166656494141,525.0,0.0,0.03983149304986,0.412121206521988,0.412672162055969,29,0.483333333333333,304.443115234375,497.949432373047
choirmother,906.88671875,537.119262695313,886.439575195313,603.341735839844,1,888.0,525.0,0.0,0.01991574652493,0.368740022182465,0.368740022182465,29,0.483333333333333,913.298522949219,497.945922851563
morwen,266.824096679688,209.79345703125,257.856414794922,297.542266845703,1,260.0,190.0,1.0,0.0199297871440649,0.390430629253387,0.390430629253387,30,0.5,260.123474121094,147.845672607422
vargoth,898.148559570313,199.185333251953,890.962951660156,316.311584472656,5,896.000366210938,190.0,-1.0,0.0398595742881298,0.44200000166893,0.44200000166893,30,0.5,894.670776367188,134.588363647461
korrag,304.057006835938,536.902221679688,281.444488525391,614.153381347656,1,285.0,525.0,0.0,0.0398595742881298,0.412121206521988,0.412121206521988,30,0.5,307.275756835938,498.159820556641
choirmother,908.886535644531,537.119506835938,888.4384765625,603.341674804688,1,890.0,525.0,0.0,0.0199297871440649,0.368740022182465,0.368740022182465,30,0.5,915.298950195313,497.946258544922
morwen,257.952239990234,215.535537719727,259.855163574219,297.542236328125,2,262.0,190.0,1.0,0.0199414901435375,0.390430629253387,0.390430629253387,31,0.516666666666667,262.568359375,150.818145751953
vargoth,891.124877929688,197.550888061523,893.156982421875,316.281188964844,0,898.200378417969,190.0,-1.0,0.039882980287075,0.44200000166893,0.44226747751236,31,0.516666666666667,896.505859375,135.450378417969
korrag,305.695648193359,531.53759765625,284.27099609375,614.099731445313,2,287.833343505859,525.0,0.0,0.039882980287075,0.412121206521988,0.412672162055969,31,0.516666666666667,310.315155029297,495.427337646484
choirmother,911.0546875,537.062377929688,890.444885253906,602.973022460938,2,892.0,525.0,0.0,0.0199414901435375,0.368740022182465,0.368740022182465,31,0.516666666666667,917.210144042969,497.779052734375
morwen,259.951995849609,215.535507202148,261.854125976563,297.542236328125,2,264.0,190.0,1.0,0.0199512410908937,0.390430629253387,0.390430629253387,32,0.533333333333333,264.568725585938,150.818145751953
vargoth,893.32421875,197.262573242188,895.345886230469,316.195465087891,0,900.400390625,190.0,-1.0,0.0399024821817875,0.44200000166893,0.443023711442947,32,0.533333333333333,898.710632324219,135.055786132813
korrag,308.528015136719,531.106628417969,287.090148925781,613.95947265625,2,290.666687011719,525.0,0.0,0.0399024821817875,0.412121206521988,0.414114594459534,32,0.533333333333333,313.153289794922,494.869812011719
choirmother,913.054626464844,537.062561035156,892.444152832031,602.973022460938,2,894.0,525.0,0.0,0.0199512410908937,0.368740022182465,0.368740022182465,32,0.533333333333333,919.210388183594,497.779296875
morwen,261.951782226563,215.53547668457,263.853240966797,297.542205810547,2,266.0,190.0,1.0,0.0199593678116798,0.390430629253387,0.390430629253387,33,0.55,266.569061279297,150.818145751953
vargoth,895.523315429688,196.837860107422,897.531127929688,316.069213867188,0,902.600402832031,190.0,-1.0,0.0399187356233597,0.44200000166893,0.444137901067734,33,0.55,900.9169921875,134.474426269531
korrag,311.360229492188,530.573852539063,289.906616210938,613.786193847656,2,293.500030517578,525.0,0.0,0.0399187356233597,0.412121206521988,0.415897518396378,33,0.55,315.992340087891,494.180541992188
choirmother,915.054504394531,537.062744140625,894.443481445313,602.972961425781,2,896.0,525.0,0.0,0.0199593678116798,0.368740022182465,0.368740022182465,33,0.55,921.210632324219,497.779510498047
morwen,263.951599121094,215.535446166992,265.852508544922,297.542205810547,2,268.0,190.0,1.0,0.0199661403894424,0.390430629253387,0.390430629253387,34,0.566666666666667,268.569305419922,150.818161010742
vargoth,897.722290039063,196.350189208984,899.71484375,315.924285888672,0,904.800415039063,190.0,-1.0,0.0399322807788849,0.44200000166893,0.445417404174805,34,0.566666666666667,903.1240234375,133.806823730469
korrag,314.192657470703,530.142883300781,292.726287841797,613.64599609375,2,296.333374023438,525.0,0.0,0.0399322807788849,0.412121206521988,0.417339950799942,34,0.566666666666667,318.830291748047,493.622955322266
choirmother,917.054443359375,537.062866210938,896.442993164063,602.972961425781,2,898.0,525.0,0.0,0.0199661403894424,0.368740022182465,0.368740022182465,34,0.566666666666667,923.210815429688,497.779663085938
morwen,272.391143798828,211.260131835938,267.851898193359,297.542175292969,3,270.0,190.0,1.0,0.0199717842042446,0.390430629253387,0.390430629253387,35,0.583333333333333,270.669769287109,149.900924682617
vargoth,902.15478515625,192.902465820313,901.8994140625,315.785675048828,1,907.000427246094,190.0,-1.0,0.0399435684084892,0.44200000166893,0.446640998125076,35,0.583333333333333,905.86767578125,132.584381103516
korrag,319.958709716797,531.850219726563,295.570526123047,613.174865722656,3,299.166717529297,525.0,0.0,0.0399435684084892,0.412121206521988,0.417890906333923,35,0.583333333333333,321.954986572266,494.281890869141
choirmother,919.660766601563,537.804260253906,898.442504882813,602.972961425781,3,900.0,525.0,0.0,0.0199717842042446,0.368740022182465,0.368740022182465,35,0.583333333333333,924.853942871094,498.538726806641
morwen,274.391021728516,211.260147094727,269.851409912109,297.542175292969,3,272.0,190.0,1.0,0.0199764855206013,0.390430629253387,0.390430629253387,36,0.6,272.669982910156,149.900924682617
vargoth,904.354309082031,192.531509399414,904.087280273438,315.677368164063,1,909.200439453125,190.0,-1.0,0.0399529710412025,0.44200000166893,0.447597086429596,36,0.6,908.072998046875,132.084228515625
korrag,322.792388916016,532.012878417969,298.407775878906,613.228942871094,3,302.000061035156,525.0,0.0,0.0399529710412025,0.412121206521988,0.417339950799942,36,0.6,324.787048339844,494.494110107422
choirmother,921.660705566406,537.804321289063,900.442138671875,602.972961425781,3,902.0,525.0,0.0,0.0199764855206013,0.368740022182465,0.368740022182465,36,0.6,926.854125976563,498.538818359375
morwen,276.390960693359,211.260162353516,271.850982666016,297.542175292969,3,274.0,190.0,1.0,0.0199804045259953,0.390430629253387,0.390430629253387,37,0.616666666666667,274.670135498047,149.900924682617
vargoth,906.554077148438,192.328475952148,906.280334472656,315.618103027344,1,911.400451660156,190.0,-1.0,0.0399608090519905,0.44200000166893,0.448120385408401,37,0.616666666666667,910.276000976563,131.810501098633
korrag,325.626739501953,532.438171386719,301.252838134766,613.370483398438,3,304.833404541016,525.0,0.0,0.0399608090519905,0.412121206521988,0.415897518396378,37,0.616666666666667,327.616485595703,495.049194335938
choirmother,923.660705566406,537.804443359375,902.441833496094,602.972961425781,3,904.0,525.0,0.0,0.0199804045259953,0.368740022182465,0.368740022182465,37,0.616666666666667,928.854187011719,498.538940429688
morwen,278.390869140625,211.260162353516,273.850616455078,297.542175292969,3,276.0,190.0,1.0,0.019983671605587,0.390430629253387,0.390430629253387,38,0.633333333333333,276.670257568359,149.900939941406
vargoth,908.754028320313,192.32844543457,908.4794921875,315.618041992188,1,913.600463867188,190.0,-1.0,0.039967343211174,0.44200000166893,0.448120385408401,38,0.633333333333333,912.476379394531,131.810485839844
korrag,328.461364746094,532.963928222656,304.100952148438,613.545471191406,3,307.666748046875,525.0,0.0,0.039967343211174,0.412121206521988,0.414114594459534,38,0.633333333333333,330.444946289063,495.735321044922
choirmother,925.66064453125,537.804504394531,904.441589355469,602.972961425781,3,906.0,525.0,0.0,0.019983671605587,0.368740022182465,0.368740022182465,38,0.633333333333333,930.854309082031,498.539001464844
morwen,280.390808105469,211.260177612305,275.850341796875,297.542144775391,3,278.0,190.0,1.0,0.01998639293015,0.390430629253387,0.390430629253387,39,0.65,278.670379638672,149.900939941406
vargoth,910.954223632813,192.53141784668,910.684814453125,315.67724609375,1,915.800476074219,190.0,-1.0,0.0399727858603001,0.44200000166893,0.447597086429596,39,0.65,914.674133300781,132.084213256836
korrag,331.295745849609,533.389282226563,306.946228027344,613.687072753906,3,310.500091552734,525.0,0.0,0.0399727858603001,0.412121206521988,0.412672162055969,39,0.65,333.274353027344,496.290435791016
choirmother,927.660583496094,537.804565429688,906.44140625,602.972961425781,3,908.0,525.0,0.0,0.01998639293015,0.368740022182465,0.368740022182465,39,0.65,932.854370117188,498.5390625
morwen,280.456634521484,209.99479675293,277.857879638672,297.151794433594,0,280.0,190.0,1.0,0.0199886597692966,0.390430629253387,0.390430629253387,40,0.666666666666667,280.246520996094,148.10205078125
vargoth,915.919799804688,197.910034179688,912.895202636719,315.785522460938,2,918.00048828125,190.0,-1.0,0.0399773195385933,0.44200000166893,0.446640998125076,40,0.666666666666667,916.564331054688,132.19059753418
korrag,330.962158203125,532.818115234375,309.783905029297,613.741149902344,0,313.333435058594,525.0,0.0,0.0399773195385933,0.412121206521988,0.412121206521988,40,0.666666666666667,335.801910400391,496.692108154297
choirmother,929.805603027344,536.777099609375,908.433837890625,603.341613769531,0,910.0,525.0,0.0,0.0199886597692966,0.368740022182465,0.368740022182465,40,0.666666666666667,935.125915527344,497.90869140625
morwen,282.456604003906,209.99479675293,279.857696533203,297.151794433594,0,282.0,190.0,1.0,0.0199905503541231,0.390430629253387,0.390430629253387,41,0.683333333333333,282.246612548828,148.10205078125
vargoth,918.120849609375,198.371322631836,915.108703613281,315.924041748047,2,920.200500488281,190.0,-1.0,0.0399811007082462,0.44200000166893,0.445417404174805,41,0.683333333333333,918.758422851563,132.83171081543
korrag,333.795104980469,532.654968261719,312.612182617188,613.687072753906,0,316.166778564453,525.0,0.0,0.0399811007082462,0.412121206521988,0.412672162055969,41,0.683333333333333,338.636901855469,496.48046875
choirmother,931.805541992188,536.777160644531,910.433715820313,603.341613769531,0,912.0,525.0,0.0,0.0199905503541231,0.368740022182465,0.368740022182465,41,0.683333333333333,937.1259765625,497.908721923828
morwen,284.456573486328,209.99479675293,281.857513427734,297.151794433594,0,284.0,190.0,1.0,0.0199921261519194,0.390430629253387,0.390430629253387,42,0.7,284.246673583984,148.10205078125
vargoth,920.321960449219,198.853668212891,917.322937011719,316.068878173828,2,922.400512695313,190.0,-1.0,0.0399842523038387,0.44200000166893,0.444137901067734,42,0.7,920.952209472656,133.502105712891
korrag,336.627410888672,532.227661132813,315.432800292969,613.54541015625,0,319.000122070313,525.0,0.0,0.0399842523038387,0.412121206521988,0.414114594459534,42,0.7,341.474426269531,495.92626953125
choirmother,933.805541992188,536.777160644531,912.43359375,603.341613769531,0,914.0,525.0,0.0,0.0199921261519194,0.368740022182465,0.368740022182465,42,0.7,939.1259765625,497.908782958984
morwen,286.45654296875,209.99479675293,283.857391357422,297.151794433594,0,286.0,190.0,1.0,0.0199934374541044,0.390430629253387,0.390430629253387,43,0.716666666666667,286.246734619141,148.10205078125
vargoth,922.52294921875,199.273712158203,919.535339355469,316.195037841797,2,924.600524902344,190.0,-1.0,0.0399868749082088,0.44200000166893,0.443023711442947,43,0.716666666666667,923.146789550781,134.085891723633
korrag,339.459503173828,531.699462890625,318.250549316406,613.370361328125,0,321.833465576172,525.0,0.0,0.0399868749082088,0.412121206521988,0.415897518396378,43,0.716666666666667,344.312896728516,495.2412109375
choirmother,935.805541992188,536.777221679688,914.433471679688,603.341613769531,0,916.0,525.0,0.0,0.0199934374541044,0.368740022182465,0.368740022182465,43,0.716666666666667,941.126037597656,497.908813476563
morwen,288.45654296875,209.99479675293,285.857269287109,297.151794433594,0,288.0,190.0,1.0,0.019994530826807,0.390430629253387,0.390430629253387,44,0.733333333333333,288.246765136719,148.10205078125
vargoth,924.7236328125,199.558792114258,921.743713378906,316.280639648438,2,926.800537109375,190.0,-1.0,0.039989061653614,0.44200000166893,0.44226747751236,44,0.733333333333333,925.343139648438,134.482116699219
korrag,342.291839599609,531.272216796875,321.0712890625,613.228820800781,0,324.666809082031,525.0,0.0,0.039989061653614,0.412121206521988,0.417339950799942,44,0.733333333333333,347.150390625,494.687072753906
choirmother,937.805541992188,536.777221679688,916.433410644531,603.341613769531,0,918.0,525.0,0.0,0.019994530826807,0.368740022182465,0.368740022182465,44,0.733333333333333,943.126098632813,497.908843994141
morwen,296.822814941406,209.793899536133,287.849365234375,297.542144775391,1,290.0,190.0,1.0,0.0199954435229301,0.390430629253387,0.390430629253387,45,0.75,290.126251220703,147.845687866211
vargoth,927.548522949219,198.905502319336,923.946594238281,316.310913085938,3,929.000549316406,190.0,-1.0,0.0399908870458603,0.44200000166893,0.44200000166893,45,0.75,927.670471191406,134.479461669922
korrag,346.549346923828,535.251708984375,323.882995605469,613.59228515625,1,327.500152587891,525.0,0.0,0.0399908870458603,0.412121206521988,0.417890906333923,45,0.75,349.794921875,495.966369628906
choirmother,938.8857421875,537.120788574219,918.433288574219,603.341552734375,1,920.0,525.0,0.0,0.0199954435229301,0.368740022182465,0.368740022182465,45,0.75,945.300720214844,497.947937011719
morwen,298.822784423828,209.793899536133,289.849273681641,297.542144775391,1,292.0,190.0,1.0,0.0199962016195059,0.390430629253387,0.390430629253387,46,0.766666666666667,292.126281738281,147.845687866211
vargoth,929.748291015625,198.804183959961,926.143310546875,316.280639648438,3,931.200561523438,190.0,-1.0,0.0399924032390118,0.44200000166893,0.44226747751236,46,0.766666666666667,929.871887207031,134.339218139648
korrag,349.383270263672,535.409545898438,326.720977783203,613.645812988281,1,330.33349609375,525.0,0.0,0.0399924032390118,0.412121206521988,0.417339950799942,46,0.766666666666667,352.626831054688,496.176147460938
choirmother,940.8857421875,537.120788574219,920.433227539063,603.341552734375,1,922.0,525.0,0.0,0.0199962016195059,0.368740022182465,0.368740022182465,46,0.766666666666667,947.300720214844,497.947937011719
morwen,300.822784423828,209.793914794922,291.849212646484,297.542144775391,1,294.0,190.0,1.0,0.0199968349188566,0.390430629253387,0.390430629253387,47,0.783333333333333,294.126312255859,147.845687866211
vargoth,931.947692871094,198.517761230469,928.334533691406,316.195007324219,3,933.400573730469,190.0,-1.0,0.0399936698377132,0.44200000166893,0.443023711442947,47,0.783333333333333,932.075744628906,133.942733764648
korrag,352.218170166016,535.822814941406,329.566711425781,613.785888671875,1,333.166839599609,525.0,0.0,0.0399936698377132,0.412121206521988,0.415897518396378,47,0.783333333333333,355.456329345703,496.725219726563
choirmother,942.8857421875,537.120788574219,922.433227539063,603.341552734375,1,924.0,525.0,0.0,0.0199968349188566,0.368740022182465,0.368740022182465,47,0.783333333333333,949.300720214844,497.947967529297
morwen,302.82275390625,209.793914794922,293.849151611328,297.542144775391,1,296.0,190.0,1.0,0.0199973620474339,0.390430629253387,0.390430629253387,48,0.8,296.126342773438,147.845687866211
vargoth,934.146789550781,198.095764160156,930.521667480469,316.06884765625,3,935.6005859375,190.0,-1.0,0.0399947240948677,0.44200000166893,0.444137901067734,48,0.8,934.281433105469,133.35856628418
korrag,355.053436279297,536.333679199219,332.415374755859,613.959167480469,1,336.000183105469,525.0,0.0,0.0399947240948677,0.412121206521988,0.414114594459534,48,0.8,358.284912109375,497.403961181641
choirmother,944.8857421875,537.120788574219,924.433166503906,603.341552734375,1,926.0,525.0,0.0,0.0199973620474339,0.368740022182465,0.368740022182465,48,0.8,951.30078125,497.947967529297
morwen,304.82275390625,209.793914794922,295.84912109375,297.542114257813,1,298.0,190.0,1.0,0.0199978016316891,0.390430629253387,0.390430629253387,49,0.816666666666667,298.126342773438,147.845687866211
vargoth,936.345764160156,197.611145019531,932.706970214844,315.923950195313,3,937.800598144531,190.0,-1.0,0.0399956032633781,0.44200000166893,0.445417404174805,49,0.816666666666667,936.487915039063,132.687744140625
korrag,357.888305664063,536.746948242188,335.261138916016,614.099365234375,1,338.833526611328,525.0,0.0,0.0399956032633781,0.412121206521988,0.412672162055969,49,0.816666666666667,361.114410400391,497.953094482422
choirmother,946.8857421875,537.120849609375,926.43310546875,603.341552734375,1,928.0,525.0,0.0,0.0199978016316891,0.368740022182465,0.368740022182465,49,0.816666666666667,953.30078125,497.947998046875
morwen,295.950775146484,215.535308837891,297.849060058594,297.542114257813,2,300.0,190.0,1.0,0.0199981685727835,0.390430629253387,0.390430629253387,50,0.833333333333333,300.570587158203,150.818176269531
vargoth,938.060180664063,196.588195800781,934.892883300781,315.785400390625,4,940.000610351563,190.0,-1.0,0.0399963371455669,0.44200000166893,0.446640998125076,50,0.833333333333333,938.667236328125,132.308517456055
korrag,359.528747558594,531.704345703125,338.099182128906,614.152893066406,2,341.666870117188,525.0,0.0,0.0399963371455669,0.412121206521988,0.412121206521988,50,0.833333333333333,364.150390625,495.643005371094
choirmother,949.054016113281,537.0634765625,928.440490722656,602.972900390625,2,930.0,525.0,0.0,0.0199981685727835,0.368740022182465,0.368740022182465,50,0.833333333333333,955.211669921875,497.780487060547
morwen,297.950775146484,215.535308837891,299.849029541016,297.542114257813,2,302.0,190.0,1.0,0.0199984740465879,0.390430629253387,0.390430629253387,51,0.85,302.570587158203,150.818176269531
vargoth,940.259460449219,196.224914550781,937.081848144531,315.677124023438,4,942.200622558594,190.0,-1.0,0.0399969480931759,0.44200000166893,0.447597086429596,51,0.85,940.8720703125,131.807800292969
korrag,362.361755371094,531.539611816406,340.927703857422,614.099365234375,2,344.500213623047,525.0,0.0,0.0399969480931759,0.412121206521988,0.412672162055969,51,0.85,366.9853515625,495.429901123047
choirmother,951.054016113281,537.0634765625,930.4404296875,602.972900390625,2,932.0,525.0,0.0,0.0199984740465879,0.368740022182465,0.368740022182465,51,0.85,957.211669921875,497.780487060547
morwen,299.950775146484,215.535308837891,301.848999023438,297.542114257813,2,304.0,190.0,1.0,0.0199987273663282,0.390430629253387,0.390430629253387,52,0.866666666666667,304.570587158203,150.818176269531
vargoth,942.459045410156,196.026092529297,939.275817871094,315.617889404297,4,944.400634765625,190.0,-1.0,0.0399974547326565,0.44200000166893,0.448120385408401,52,0.866666666666667,943.07470703125,131.533767700195
korrag,365.194274902344,531.108337402344,343.748504638672,613.959167480469,2,347.333557128906,525.0,0.0,0.0399974547326565,0.412121206521988,0.414114594459534,52,0.866666666666667,369.822967529297,494.871948242188
choirmother,953.054016113281,537.0634765625,932.4404296875,602.972900390625,2,934.0,525.0,0.0,0.0199987273663282,0.368740022182465,0.368740022182465,52,0.866666666666667,959.211669921875,497.780487060547
morwen,301.950775146484,215.535308837891,303.848999023438,297.542114257813,2,306.0,190.0,1.0,0.0199989397078753,0.390430629253387,0.390430629253387,53,0.883333333333333,306.570617675781,150.818176269531
vargoth,944.659057617188,196.026092529297,941.475769042969,315.617889404297,4,946.600646972656,190.0,-1.0,0.0399978794157505,0.44200000166893,0.448120385408401,53,0.883333333333333,945.274719238281,131.533767700195
korrag,368.026550292969,530.575256347656,346.566375732422,613.785888671875,2,350.166900634766,525.0,0.0,0.0399978794157505,0.412121206521988,0.415897518396378,53,0.883333333333333,372.661529541016,494.182312011719
choirmother,955.054016113281,537.0634765625,934.4404296875,602.972900390625,2,936.0,525.0,0.0,0.0199989397078753,0.368740022182465,0.368740022182465,53,0.883333333333333,961.211730957031,497.780517578125
morwen,303.950775146484,215.535308837891,305.848968505859,297.542114257813,2,308.0,190.0,1.0,0.0199991166591644,0.390430629253387,0.390430629253387,54,0.9,308.570617675781,150.818176269531
vargoth,946.859497070313,196.224914550781,943.681762695313,315.677124023438,4,948.800659179688,190.0,-1.0,0.0399982333183289,0.44200000166893,0.447597086429596,54,0.9,947.47216796875,131.807800292969
korrag,370.859069824219,530.14404296875,349.38720703125,613.645751953125,2,353.000244140625,525.0,0.0,0.0399982333183289,0.412121206521988,0.417339950799942,54,0.9,375.499114990234,493.624450683594
choirmother,957.054016113281,537.0634765625,936.4404296875,602.972900390625,2,938.0,525.0,0.0,0.0199991166591644,0.368740022182465,0.368740022182465,54,0.9,963.211730957031,497.780517578125
morwen,312.390533447266,211.260208129883,307.848937988281,297.542114257813,3,310.0,190.0,1.0,0.0199992638081312,0.390430629253387,0.390430629253387,55,0.916666666666667,310.6708984375,149.900939941406
vargoth,953.143798828125,197.429260253906,945.892639160156,315.785400390625,5,951.000671386719,190.0,-1.0,0.0399985276162624,0.44200000166893,0.446640998125076,55,0.916666666666667,949.701965332031,132.15608215332
korrag,376.625091552734,531.851379394531,352.232452392578,613.174682617188,3,355.833587646484,525.0,0.0,0.0399985276162624,0.412121206521988,0.417890906333923,55,0.916666666666667,378.623443603516,494.283172607422
choirmother,959.660461425781,537.804809570313,938.440368652344,602.972900390625,3,940.0,525.0,0.0,0.0199992638081312,0.368740022182465,0.368740022182465,55,0.916666666666667,964.854675292969,498.539398193359
morwen,314.390533447266,211.260208129883,309.848937988281,297.542114257813,3,312.0,190.0,1.0,0.0199993867427111,0.390430629253387,0.390430629253387,56,0.933333333333333,312.6708984375,149.900939941406
vargoth,955.344787597656,197.892333984375,948.106628417969,315.923950195313,5,953.20068359375,190.0,-1.0,0.0399987734854221,0.44200000166893,0.445417404174805,56,0.933333333333333,951.895874023438,132.797302246094
korrag,379.458862304688,532.013793945313,355.070526123047,613.228759765625,3,358.666931152344,525.0,0.0,0.0399987734854221,0.412121206521988,0.417339950799942,56,0.933333333333333,381.455230712891,494.495147705078
choirmother,961.660461425781,537.804809570313,940.440368652344,602.972900390625,3,942.0,525.0,0.0,0.0199993867427111,0.368740022182465,0.368740022182465,56,0.933333333333333,966.854675292969,498.539398193359
morwen,316.390533447266,211.260208129883,311.848937988281,297.542114257813,3,314.0,190.0,1.0,0.0199994891881943,0.390430629253387,0.390430629253387,57,0.95,314.6708984375,149.900939941406
vargoth,957.5458984375,198.376541137695,950.321228027344,316.068817138672,5,955.400695800781,190.0,-1.0,0.0399989783763886,0.44200000166893,0.444137901067734,57,0.95,954.089477539063,133.467819213867
korrag,382.293273925781,532.43896484375,357.916290283203,613.370361328125,3,361.500274658203,525.0,0.0,0.0399989783763886,0.412121206521988,0.415897518396378,57,0.95,384.284454345703,495.050048828125
choirmother,963.660461425781,537.804809570313,942.440368652344,602.972900390625,3,944.0,525.0,0.0,0.0199994891881943,0.368740022182465,0.368740022182465,57,0.95,968.854675292969,498.539398193359
morwen,318.390533447266,211.260208129883,313.848907470703,297.542114257813,3,316.0,190.0,1.0,0.0199995748698711,0.390430629253387,0.390430629253387,58,0.966666666666667,316.6708984375,149.900939941406
vargoth,959.746826171875,198.798202514648,952.533996582031,316.194976806641,5,957.600708007813,190.0,-1.0,0.0399991497397423,0.44200000166893,0.443023711442947,58,0.966666666666667,956.283935546875,134.051696777344
korrag,385.127960205078,532.964599609375,360.764984130859,613.54541015625,3,364.333618164063,525.0,0.0,0.0399991497397423,0.412121206521988,0.414114594459534,58,0.966666666666667,387.112731933594,495.736053466797
choirmother,965.660461425781,537.804809570313,944.440368652344,602.972900390625,3,946.0,525.0,0.0,0.0199995748698711,0.368740022182465,0.368740022182465,58,0.966666666666667,970.854736328125,498.539398193359
morwen,320.390533447266,211.260208129883,315.848907470703,297.542114257813,3,318.0,190.0,1.0,0.0199996456503868,0.390430629253387,0.390430629253387,59,0.983333333333333,318.6708984375,149.900939941406
vargoth,961.947448730469,199.084396362305,954.742614746094,316.280578613281,5,959.800720214844,190.0,-1.0,0.0399992913007736,0.44200000166893,0.44226747751236,59,0.983333333333333,958.480163574219,134.447998046875
korrag,387.962371826172,533.389831542969,363.610748291016,613.68701171875,3,367.166961669922,525.0,0.0,0.0399992913007736,0.412121206521988,0.412672162055969,59,0.983333333333333,389.941955566406,496.291015625
choirmother,967.660461425781,537.804809570313,946.440368652344,602.972900390625,3,948.0,525.0,0.0,0.0199996456503868,0.368740022182465,0.368740022182465,59,0.983333333333333,972.854736328125,498.539398193359
morwen,320.456420898438,209.99479675293,317.856719970703,297.151763916016,0,320.0,190.0,1.0,0.0199997033923864,0.390430629253387,0.390430629253387,60,1.0,320.246978759766,148.10205078125
vargoth,954.924560546875,197.651992797852,956.945678710938,316.310882568359,0,962.000732421875,190.0,-1.0,0.0399994067847729,0.44200000166893,0.44200000166893,60,1.0,960.311218261719,135.589736938477
korrag,387.628875732422,532.818542480469,366.448822021484,613.741088867188,0,370.000305175781,525.0,0.0,0.0399994067847729,0.412121206521988,0.412121206521988,60,1.0,392.469390869141,496.692596435547
choirmother,969.805419921875,536.77734375,948.432983398438,603.341552734375,0,950.0,525.0,0.0,0.0199997033923864,0.368740022182465,0.368740022182465,60,1.0,975.126220703125,497.908966064453
